deray, 1
nettaaaaaaaa, 1
shaunking, 1
djolder, 1
bassem_masri, 1
handsupunited_, 1
re_invent_ed, 1
brownblaze, 1
awkward_duck, 1
anonymouspress, 2
anonyops, 2
anonypress, 2
bipartisanism, 2
crypt0nymous, 2
occupythemob, 2
youranoncentral, 2
youranonglobal, 2
youranonlive, 2
youranonnews, 2
pharrell, 3
50cent, 3
nas, 3
kanyewest, 3
vibemagazine, 3
XXL, 3
thesource, 3
kerrywashington, 3
ijessewilliams, 3
iamrashidajones, 3
rsherman_25, 3
kobebryant, 3
larryelder, 4
waynedupreeshow, 4
patdollard, 4
seanhannity, 4
gopblackchick, 4
amymek, 4
foxnews, 4
washtimes, 4
theblaze, 4
CNN, 5
nytimes, 5
AP, 5
latimes, 5
CBSNews, 5
Reuters, 5
mashable, 5
BuzzFeed, 5
thedailybeast, 5
HuffPost, 5
bestcomedyvine, 6
commonblackgiri, 6
drugfambeezy, 6
freetopher, 6
hbcufessions, 6
igivebootyrubs, 6
ikeepittooreal, 6
jabarithegreat, 6
ultralightskin, 6